produto_id,nome_produto,yhat
prod_005,Multiuso,2742.6184495315906
prod_024,Perfume,2594.6055686525374
prod_001,Sabão em Pó,2254.720870695732
prod_013,Manteiga,1678.9102613361463
prod_036,Sabonete Líquido,1667.2522033960106
prod_034,Papel Filme,1640.183255056216
prod_025,Filé de Peito de Frango,1619.4968051646013
prod_016,Croissant,1602.8620517841862
prod_006,Costela,1601.1793309251755
prod_041,Fósforo,1591.5433289430614
