categoria,yhat
Limpeza,11212.756567386015
Alimentação,10267.79855375191
Diversos,7647.1391033274085
Carnes,7601.4771102483255
Padaria,7559.149294250688
Frios e Laticínios,7556.268500057776
Congelados,7273.1400256338275
Cosméticos,6801.685160341829
Higiene,5761.994108653421
Bebidas,5725.972625091636
